ID,First_name,Last_name,Email,Gender
1,John,Doe,john.doe@gmail.com,M
2,Maren,Dan,maren.dan@gmail.com,F
3,Taylor,Swifty,taylor.swift@gmail.com,F
4,John,Butler,john.butler@gmail.com,M
5,Rama,Swamy,rama.swamy@gmail.com,M
6,Budu,raman,budu.rama@gmail.com,M
